<?xml version="1.0" encoding="UTF-8"?>
<!DOCTYPE suite SYSTEM "http://testng.org/testng-1.0.dtd">
<suite name="MarBatch">
	<listeners>
		<listener class-name="org.uncommons.reportng.HTMLReporter"></listener>
		<listener class-name="org.uncommons.reportng.JUnitXMLReporter"></listener>
	</listeners>
	<test name="RegSet1">
		<groups>
			<run>
				<exclude name="smoke" />
				<include name="regression"></include>
			</run>
		</groups>

		<classes>
			<class name="scenerio_Component.Scenerio_Search" />
		</classes>
	</test> <!-- Test -->
</suite> <!-- Suite -->
